Image_Index,Noise_STD,PSNR,SSIM,Secret_MSE
0,0.01,30.9826723757069,0.9312846,0.0014481882099062204
0,0.03,27.938021220126004,0.7372995,0.004293611738830805
0,0.05,24.981188418559096,0.5539021,0.009409118443727493
0,0.1,19.81981031827533,0.29281536,0.030057791620492935
0,0.15,16.670528330094672,0.17879337,0.05380428582429886
1,0.01,32.901504357747264,0.9669824,0.000999279785901308
1,0.03,28.822722315613465,0.84540087,0.004402691498398781
1,0.05,25.411140182047024,0.7076223,0.010838348418474197
1,0.1,19.993317762367372,0.45476136,0.03472532704472542
1,0.15,16.770181301562005,0.30657002,0.0690167099237442
2,0.01,31.171788115515895,0.92139715,0.00206467742100358
2,0.03,28.143969591827897,0.70692414,0.0064449552446603775
2,0.05,25.19132948877107,0.5277297,0.013422275893390179
2,0.1,20.22710002156037,0.29068384,0.03898680955171585
2,0.15,17.070987807821968,0.18411034,0.06137564778327942
3,0.01,34.640984697706905,0.93175095,0.0007473632576875389
3,0.03,29.397744915627435,0.69752914,0.004872966557741165
3,0.05,25.66186489001266,0.48995224,0.011042584665119648
3,0.1,19.987626854512264,0.22255205,0.03719992935657501
3,0.15,16.755815129784036,0.12552758,0.06304292380809784
4,0.01,33.81619940517452,0.93872756,0.0009535094141028821
4,0.03,29.147892508692465,0.75520927,0.005227460991591215
4,0.05,25.567610352093876,0.58732915,0.012584943324327469
4,0.1,20.063153273321195,0.34441844,0.03461538627743721
4,0.15,16.870298889034473,0.22483818,0.061641890555620193
5,0.01,24.59142284596882,0.8852046,0.0010173401096835732
5,0.03,23.689082521819543,0.7208641,0.003049749182537198
5,0.05,22.364780878506508,0.5559821,0.00696234405040741
5,0.1,18.986133100492818,0.30942708,0.024779777973890305
5,0.15,16.354644013673603,0.19301301,0.042403772473335266
6,0.01,19.812779473740918,0.8858606,0.0006688805879093707
6,0.03,19.502508752954405,0.73422176,0.004424655809998512
6,0.05,18.917852162364134,0.5673066,0.011066043749451637
6,0.1,16.889127679351674,0.29989812,0.033277928829193115
6,0.15,14.946127946648017,0.17682062,0.06073234975337982
7,0.01,24.73667076015088,0.9233617,0.0013045314699411392
7,0.03,23.835912937783753,0.76972055,0.003358617424964905
7,0.05,22.465084477491803,0.6170656,0.007300940807908773
7,0.1,18.893652214079367,0.37247276,0.025617390871047974
7,0.15,16.169940257994824,0.24823928,0.05363542586565018
8,0.01,30.506935812914236,0.9160803,0.001725796959362924
8,0.03,27.728830190486633,0.6902378,0.00395921478047967
8,0.05,24.908783903171333,0.51493907,0.008845267817378044
8,0.1,19.802252184037712,0.28651592,0.02736554853618145
8,0.15,16.83786841333611,0.19068588,0.0538855642080307
9,0.01,36.08018946400971,0.938977,0.0019114675233140588
9,0.03,29.868317004203725,0.7072924,0.006569989025592804
9,0.05,25.928295289305964,0.5211721,0.016435589641332626
9,0.1,20.48613663026185,0.29014096,0.044194065034389496
9,0.15,17.355496414940315,0.18932723,0.07301609218120575
10,0.01,32.15790078561301,0.90647215,0.0010499159106984735
10,0.03,28.566158824496746,0.61231166,0.005005380138754845
10,0.05,25.2100991166407,0.37747017,0.012334717437624931
10,0.1,19.80996164768776,0.1406073,0.039875149726867676
10,0.15,16.610869897531902,0.070433594,0.06451031565666199
11,0.01,30.7303825151557,0.9453776,0.000728040118701756
11,0.03,27.812312611347558,0.79278183,0.003951678518205881
11,0.05,24.90693566994157,0.63365597,0.011456366628408432
11,0.1,19.847522411672397,0.38263735,0.032862138003110886
11,0.15,16.75718934204422,0.2540468,0.05795276165008545
12,0.01,27.62962346008503,0.9262326,0.0009113348205573857
12,0.03,25.99907988841895,0.71406144,0.004941608291119337
12,0.05,23.861490650518,0.53573966,0.010374313220381737
12,0.1,19.524671236130445,0.30129167,0.03609064593911171
12,0.15,16.5992179576242,0.19255978,0.06263604760169983
13,0.01,31.395203187019625,0.9067139,0.0037070061080157757
13,0.03,28.2462506788374,0.69349116,0.007313599810004234
13,0.05,25.300240570842472,0.5251259,0.018391327932476997
13,0.1,20.527573953740635,0.3101432,0.048350684344768524
13,0.15,17.522463510892358,0.20426726,0.07979991286993027
14,0.01,27.602026377761053,0.93306345,0.0007811972755007446
14,0.03,25.95422413247993,0.7962251,0.0036582686007022858
14,0.05,23.884059195564294,0.6500823,0.008624610491096973
14,0.1,19.517999531282367,0.39453533,0.03251427412033081
14,0.15,16.514488380312283,0.25747025,0.05513911321759224
15,0.01,33.688807011393564,0.92615294,0.0007574517512694001
15,0.03,29.101182590758047,0.68740493,0.0044352104887366295
15,0.05,25.507447240942348,0.48418763,0.010807210579514503
15,0.1,19.945006365449586,0.2311848,0.033249299973249435
15,0.15,16.713323673519124,0.13367535,0.06522609293460846
16,0.01,29.725594125616595,0.9168995,0.0013520077336579561
16,0.03,27.3378315497755,0.7306431,0.00432061031460762
16,0.05,24.72752645714398,0.55748254,0.009953777305781841
16,0.1,19.894694817405483,0.31150386,0.032415784895420074
16,0.15,16.841472545986427,0.1958236,0.06331741809844971
17,0.01,32.649873723873235,0.9294203,0.001748834503814578
17,0.03,28.760781912597196,0.68580884,0.006154538132250309
17,0.05,25.29922370991578,0.47984996,0.013936080038547516
17,0.1,19.897292054639955,0.23462869,0.04065451771020889
17,0.15,16.699031700749877,0.1391197,0.07240086793899536
18,0.01,30.166919340597374,0.91817254,0.001089060795493424
18,0.03,27.55181828371544,0.6933586,0.0034787964541465044
18,0.05,24.735404555380324,0.49706385,0.009694487787783146
18,0.1,19.67431589087572,0.25155783,0.03313352167606354
18,0.15,16.675891053014436,0.15635471,0.059012457728385925
19,0.01,24.27194553054338,0.90929914,0.0010286507895216346
19,0.03,23.433671186770923,0.7543903,0.004159316420555115
19,0.05,22.105798990339572,0.5881591,0.009526134468615055
19,0.1,18.718954284240958,0.32311264,0.03142285719513893
19,0.15,16.095150867356093,0.198662,0.05339786410331726
20,0.01,33.59097802549829,0.93443316,0.0006314667407423258
20,0.03,29.110935000459843,0.7094713,0.0038321013562381268
20,0.05,25.49566151188238,0.51763314,0.009622188284993172
20,0.1,19.892953402115978,0.2698951,0.032745007425546646
20,0.15,16.79869275969693,0.17146899,0.06892179697751999
21,0.01,15.059871344129508,0.6840926,0.0032454163301736116
21,0.03,14.95796172136988,0.46981534,0.004706506617367268
21,0.05,14.76793736311122,0.31459793,0.0077243950217962265
21,0.1,13.994447769267532,0.15210392,0.020786115899682045
21,0.15,13.056474284943116,0.092474245,0.03783641383051872
22,0.01,33.56445669153641,0.93779945,0.0007267948240041733
22,0.03,29.064039186042592,0.71214813,0.004182814620435238
22,0.05,25.494332698833034,0.5090427,0.011147749610245228
22,0.1,20.067293647657465,0.2521396,0.037122249603271484
22,0.15,16.905021219607118,0.14902878,0.054802872240543365
23,0.01,36.47935728145321,0.9427466,0.001015212619677186
23,0.03,29.84891755198523,0.70939445,0.00450177351012826
23,0.05,25.78378020334467,0.49665192,0.012137084268033504
23,0.1,20.02024879985445,0.23284666,0.04037303477525711
23,0.15,16.61859955968773,0.13109237,0.0658743679523468
24,0.01,28.52170735307938,0.93645287,0.0010867603123188019
24,0.03,26.53183883018031,0.79443353,0.00455206586048007
24,0.05,24.236341277457374,0.64016217,0.012458444572985172
24,0.1,19.632132882822052,0.37292203,0.039341144263744354
24,0.15,16.559782438324184,0.23727852,0.065283864736557
25,0.01,31.327144988490762,0.93323237,0.0006724133272655308
25,0.03,28.136914939998967,0.7444578,0.0029358325991779566
25,0.05,25.0853115544267,0.55841964,0.007072193082422018
25,0.1,19.81317929149641,0.28512028,0.02300916239619255
25,0.15,16.599794710366943,0.1693858,0.0479554757475853
26,0.01,32.309862404514284,0.92043465,0.0011303065111860633
26,0.03,28.61259045030735,0.67946464,0.004543037619441748
26,0.05,25.2812337221793,0.4668955,0.010504409670829773
26,0.1,20.01197591138998,0.21141875,0.036153849214315414
26,0.15,16.859060533625644,0.11818089,0.057322125881910324
27,0.01,32.79056078742583,0.9454823,0.0009503307519480586
27,0.03,28.789011007362483,0.767276,0.005771251395344734
27,0.05,25.40710495764726,0.58588177,0.015019883401691914
27,0.1,20.115963121753857,0.31518126,0.03964656591415405
27,0.15,16.95350385880078,0.19425638,0.06185247749090195
28,0.01,32.244975041987296,0.94630176,0.0008102762512862682
28,0.03,28.571758757386185,0.76006585,0.00541290920227766
28,0.05,25.275018290088248,0.5787575,0.012193755246698856
28,0.1,19.848197272411593,0.31253043,0.04112671688199043
28,0.15,16.567696145827497,0.19225489,0.061400044709444046
29,0.01,32.44193467355877,0.9182906,0.002286707516759634
29,0.03,28.781742017529254,0.7000722,0.006308677606284618
29,0.05,25.54580483571579,0.53263915,0.012334768660366535
29,0.1,20.525216136309123,0.32419017,0.03804896026849747
29,0.15,17.578441696913934,0.22853152,0.062187083065509796
30,0.01,31.8279681182352,0.91280556,0.0009019655408337712
30,0.03,28.372765717387015,0.65295535,0.005029076710343361
30,0.05,25.136140862742785,0.460861,0.013809766620397568
30,0.1,19.786063250693445,0.23770179,0.039079733192920685
30,0.15,16.482103899743716,0.14813022,0.0695093497633934
31,0.01,33.56979408271088,0.9395277,0.0011518207611516118
31,0.03,29.11848800760388,0.73125833,0.005624822806566954
31,0.05,25.567141751296138,0.5461663,0.013782588765025139
31,0.1,20.17480364333224,0.29628828,0.04120427742600441
31,0.15,16.987064211912756,0.18344684,0.06190473586320877
32,0.01,31.536146787067118,0.94262487,0.0007712789811193943
32,0.03,28.261627795130394,0.8035291,0.004833594895899296
32,0.05,25.14750277188626,0.6591948,0.010073456913232803
32,0.1,20.04567865599799,0.42480803,0.033663518726825714
32,0.15,16.878815483129934,0.28801832,0.061170533299446106
33,0.01,35.42470081785445,0.95664746,0.0008109617629088461
33,0.03,29.63646468070678,0.7790635,0.005839865654706955
33,0.05,25.694403998818387,0.59298676,0.013349542394280434
33,0.1,20.00734133028871,0.31407046,0.037134185433387756
33,0.15,16.66778616550572,0.18501496,0.06616033613681793
34,0.01,25.21864912704194,0.9160606,0.0008592071826569736
34,0.03,24.19096930860579,0.6785962,0.004469119478017092
34,0.05,22.697080626773886,0.48061243,0.012021077796816826
34,0.1,18.94023396841218,0.24117877,0.03549284487962723
34,0.15,16.163634749012207,0.14637582,0.06304877996444702
35,0.01,24.401452816071682,0.8731907,0.0010593991028144956
35,0.03,23.566171482161895,0.6762783,0.0040851132944226265
35,0.05,22.261407319551264,0.50586694,0.008845074102282524
35,0.1,18.896307817904674,0.2775523,0.031510841101408005
35,0.15,16.23481939744555,0.17819412,0.05323439836502075
36,0.01,34.061079579461826,0.940661,0.0006096561555750668
36,0.03,29.224473240802848,0.73164517,0.004164323676377535
36,0.05,25.545435381484523,0.53841513,0.01071045733988285
36,0.1,19.992507318263065,0.2717328,0.03617732971906662
36,0.15,16.692932378560357,0.16174491,0.06396277248859406
37,0.01,29.412244568339286,0.92103356,0.0011311136186122894
37,0.03,27.10732882585134,0.71326095,0.005123144946992397
37,0.05,24.47212392851013,0.5202208,0.012911082245409489
37,0.1,19.63203626299703,0.26315975,0.03267670050263405
37,0.15,16.569685089553907,0.15929826,0.06706357002258301
38,0.01,31.228458407174216,0.9373219,0.0008909163880161941
38,0.03,28.082704289231852,0.74648696,0.00459118839353323
38,0.05,25.125730788987134,0.5728215,0.011357292532920837
38,0.1,20.013682543345894,0.31697676,0.030273957177996635
38,0.15,16.863617685190167,0.2007169,0.05708811804652214
39,0.01,32.40788027132458,0.94598025,0.000964188773650676
39,0.03,28.64862337915673,0.7520179,0.005284406244754791
39,0.05,25.267302975122238,0.55069214,0.012542849406599998
39,0.1,19.872219882689233,0.274032,0.043412670493125916
39,0.15,16.519824348037993,0.15749715,0.07611919939517975
40,0.01,33.108096972203136,0.9441679,0.0007906632381491363
40,0.03,28.882476928734086,0.7652316,0.004226447083055973
40,0.05,25.45741865870472,0.5876904,0.011814001947641373
40,0.1,20.071303520393478,0.31632707,0.032082077115774155
40,0.15,16.788904478243282,0.19343121,0.05778466537594795
41,0.01,30.36648201870038,0.9097752,0.0013245951849967241
41,0.03,27.605140776372245,0.6273692,0.0038019889034330845
41,0.05,24.838725045688626,0.42958084,0.008328530006110668
41,0.1,19.858121781383463,0.2270054,0.02871066704392433
41,0.15,16.837110378941514,0.15321587,0.05240712687373161
42,0.01,31.145122221407803,0.9046254,0.000725017162039876
42,0.03,28.032969628094932,0.6256395,0.004801872652024031
42,0.05,24.974520969399276,0.40908492,0.013035604730248451
42,0.1,19.723677144304148,0.1754608,0.03792450204491615
42,0.15,16.472858335279547,0.09672322,0.06540242582559586
43,0.01,28.72716598971828,0.92167777,0.0010891492711380124
43,0.03,26.7112550602703,0.7370402,0.004050835035741329
43,0.05,24.345148057299497,0.5752061,0.009907392784953117
43,0.1,19.58775645376832,0.33110073,0.03175213187932968
43,0.15,16.52990106721877,0.21310502,0.057028427720069885
44,0.01,28.181638488744717,0.93249136,0.0007891484419815242
44,0.03,26.32609136391705,0.7722574,0.004832563456147909
44,0.05,24.109312120067333,0.60570645,0.012927797622978687
44,0.1,19.488248825662758,0.33813706,0.03801882266998291
44,0.15,16.467201724655073,0.2119474,0.0678875595331192
45,0.01,25.755667032398147,0.9009245,0.001373125473037362
45,0.03,24.63298914621783,0.7448046,0.004655541852116585
45,0.05,23.032398894303174,0.5880386,0.009917443618178368
45,0.1,19.342721010444976,0.34152102,0.03633270785212517
45,0.15,16.51446372724533,0.21600546,0.05585853010416031
46,0.01,32.19823449437543,0.94525915,0.0010099239880219102
46,0.03,28.567692005992594,0.76904184,0.004806346260011196
46,0.05,25.290555118984273,0.6045454,0.013060157187283039
46,0.1,20.03892123209856,0.3572183,0.03381945192813873
46,0.15,16.97831150763105,0.23530662,0.06417078524827957
47,0.01,34.059970465453965,0.9252682,0.0012937946012243629
47,0.03,29.235748953208752,0.64805275,0.004514493979513645
47,0.05,25.480360009011648,0.42406344,0.009870335459709167
47,0.1,19.840830254133152,0.18211628,0.03350287675857544
47,0.15,16.61225164890647,0.1063438,0.06184075027704239
48,0.01,26.180407021852893,0.9287636,0.0007646663580089808
48,0.03,24.935294943072282,0.6765838,0.004029875621199608
48,0.05,23.180235274036708,0.46455455,0.009138984605669975
48,0.1,19.24293887611347,0.21697664,0.03419532626867294
48,0.15,16.454500419982022,0.12386868,0.059611976146698
49,0.01,32.93647923420857,0.9437504,0.0019348461646586657
49,0.03,29.054011595942267,0.79520154,0.005571974441409111
49,0.05,25.858104315489697,0.6625009,0.011085497215390205
49,0.1,20.72671129499327,0.4368795,0.029419049620628357
49,0.15,17.52881992351359,0.31113505,0.04992816597223282
50,0.01,26.910816692801003,0.8906612,0.002352246316149831
50,0.03,25.492040126430012,0.66110796,0.006076837424188852
50,0.05,23.543444793627796,0.47227535,0.01291011180728674
50,0.1,19.238178663483755,0.23767012,0.03844786062836647
50,0.15,16.29360652789224,0.14190648,0.0659598857164383
51,0.01,27.83420311309216,0.9344785,0.0012764837592840195
51,0.03,26.097712537710322,0.7634359,0.004991758614778519
51,0.05,23.978211917490523,0.5992097,0.011661151424050331
51,0.1,19.526028784400673,0.3430625,0.03387603536248207
51,0.15,16.509143752352763,0.21659487,0.06000290811061859
52,0.01,31.211268479394416,0.9506864,0.0008948611794039607
52,0.03,28.06609692967518,0.78982335,0.005108214914798737
52,0.05,25.002504806546387,0.6213141,0.012312795966863632
52,0.1,19.88819688305186,0.359706,0.04046052694320679
52,0.15,16.702213475193037,0.23072462,0.062200192362070084
53,0.01,33.89558677087238,0.9423723,0.0005506440065801144
53,0.03,29.21383713038093,0.7196863,0.004630433861166239
53,0.05,25.50844215371102,0.5293488,0.010738995857536793
53,0.1,19.897457569101498,0.2799873,0.035065341740846634
53,0.15,16.712052052641393,0.17101628,0.06706614047288895
54,0.01,25.286729061111952,0.8800173,0.001233119866810739
54,0.03,24.249540926465855,0.58861345,0.005785546265542507
54,0.05,22.72933748405692,0.38681307,0.012580649927258492
54,0.1,18.98620291693858,0.17531955,0.03736800700426102
54,0.15,16.2812104801685,0.1028004,0.06768912822008133
55,0.01,24.706298398460348,0.9318929,0.0009690840961411595
55,0.03,23.772933403098317,0.8035013,0.003690984332934022
55,0.05,22.405187071496314,0.6585209,0.00942552275955677
55,0.1,18.95424849492229,0.40075004,0.034068912267684937
55,0.15,16.394127829636556,0.26337543,0.0584702342748642
56,0.01,30.586536274112206,0.92364305,0.0013978155329823494
56,0.03,27.712822524005738,0.7371883,0.004374745301902294
56,0.05,24.901091553228905,0.562022,0.00932287983596325
56,0.1,19.905401775472665,0.30824038,0.031839609146118164
56,0.15,16.85259135249565,0.19422656,0.05014336481690407
57,0.01,32.234362999948786,0.91062737,0.0018167252419516444
57,0.03,28.568505342572678,0.6677787,0.005032786168158054
57,0.05,25.270920332497,0.45948485,0.013933754526078701
57,0.1,19.958305655587044,0.2157181,0.040635138750076294
57,0.15,16.835714551513906,0.12336067,0.07051748037338257
58,0.01,34.24995388606946,0.9208762,0.0008592908852733672
58,0.03,29.24277146025617,0.6344419,0.004106378182768822
58,0.05,25.56991327949975,0.41411865,0.010172666981816292
58,0.1,19.94672203651428,0.17646058,0.029929013922810555
58,0.15,16.567715964693544,0.095668964,0.060450222343206406
59,0.01,34.655203429705274,0.94946533,0.0010608227457851171
59,0.03,29.43215859957123,0.79558825,0.004723132587969303
59,0.05,25.738230337969995,0.63987046,0.011297645047307014
59,0.1,20.220163070443714,0.38236412,0.03305738791823387
59,0.15,17.054998148781003,0.25324568,0.05551406741142273
60,0.01,27.914614888362216,0.9211814,0.0011636757990345359
60,0.03,26.18059963568353,0.77347153,0.0045617856085300446
60,0.05,24.03301359366424,0.62708455,0.010440569370985031
60,0.1,19.689214666372923,0.3923438,0.032031431794166565
60,0.15,16.757497976695028,0.26415887,0.06300283968448639
61,0.01,33.91641887372584,0.95351934,0.0007969654980115592
61,0.03,29.198796135788875,0.796854,0.004851747304201126
61,0.05,25.53696794589083,0.63701326,0.010798409581184387
61,0.1,19.906369104424034,0.380576,0.03877763822674751
61,0.15,16.591289829520598,0.24653514,0.06265373528003693
62,0.01,33.135992622920284,0.92912203,0.0011961226118728518
62,0.03,28.931521992802054,0.69087696,0.004546153359115124
62,0.05,25.422065858173603,0.49277052,0.010676584206521511
62,0.1,19.90825688704776,0.24222177,0.034304823726415634
62,0.15,16.689634338321948,0.14526747,0.05842535197734833
63,0.01,25.452059780131407,0.92796636,0.0010170068126171827
63,0.03,24.374647890145276,0.7339403,0.006483660079538822
63,0.05,22.843424576095487,0.54668015,0.013928931206464767
63,0.1,19.231162980056602,0.27999115,0.039234042167663574
63,0.15,16.524117032485446,0.16252357,0.0650748610496521
64,0.01,28.281620550636248,0.93330765,0.000735644600354135
64,0.03,26.430177811106013,0.76562065,0.003594030858948827
64,0.05,24.099493916525585,0.5969878,0.009165353141725063
64,0.1,19.538818306943522,0.34493276,0.02812010794878006
64,0.15,16.543325477381366,0.22133094,0.04835524410009384
65,0.01,31.4858712350282,0.9630018,0.0009845868917182088
65,0.03,28.227757502885105,0.8470824,0.004408824723213911
65,0.05,25.083708724894347,0.7083833,0.01125907152891159
65,0.1,19.864997882355066,0.4482468,0.034295354038476944
65,0.15,16.65878478005087,0.2979425,0.059723518788814545
66,0.01,28.802675977142755,0.9061334,0.000881144602317363
66,0.03,26.73092853834216,0.6883962,0.004261318128556013
66,0.05,24.334247658354794,0.49796048,0.010018696077167988
66,0.1,19.551607301259224,0.25097394,0.029539989307522774
66,0.15,16.425484347218365,0.15215865,0.05030950903892517
67,0.01,22.769265426713254,0.9165694,0.0009899201104417443
67,0.03,22.167326460860217,0.7013147,0.004335487261414528
67,0.05,21.16300972264726,0.51918846,0.010196085087954998
67,0.1,18.42575968032116,0.27817968,0.035915687680244446
67,0.15,16.104788335016814,0.17147677,0.06810389459133148
68,0.01,33.901169166436304,0.93755364,0.0013700085692107677
68,0.03,29.210235858068504,0.7607136,0.006220794748514891
68,0.05,25.671855977926956,0.6053328,0.013786878436803818
68,0.1,20.249072740813325,0.37293193,0.035625964403152466
68,0.15,17.03770630749112,0.25226113,0.06522244960069656
69,0.01,31.492049760626863,0.89232755,0.0010227987077087164
69,0.03,28.24411613709534,0.58527577,0.003623936790972948
69,0.05,25.058186679372398,0.3650736,0.008760391734540462
69,0.1,19.784916022879035,0.1533594,0.033809687942266464
69,0.15,16.42348649802188,0.08414885,0.06564008444547653
70,0.01,28.3445323350082,0.9169329,0.0008884221315383911
70,0.03,26.44298184024108,0.68670124,0.004180974792689085
70,0.05,24.153560419812376,0.49231923,0.010376324877142906
70,0.1,19.512735553958326,0.25157085,0.03846629336476326
70,0.15,16.43301454340002,0.1543587,0.05796407535672188
71,0.01,29.61905794404712,0.9230783,0.0008060656255111098
71,0.03,27.288670255964163,0.80070496,0.00383486645296216
71,0.05,24.729139148030747,0.6709719,0.00870191678404808
71,0.1,20.039605685442197,0.42976618,0.028477191925048828
71,0.15,16.966060329156235,0.28916776,0.05346420779824257
72,0.01,31.142665487343596,0.95484304,0.0017082438571378589
72,0.03,28.05805882288825,0.8012691,0.005202431697398424
72,0.05,25.079095252971506,0.6361098,0.011211913079023361
72,0.1,20.09829335606843,0.37488523,0.04128648340702057
72,0.15,17.03858280576067,0.2422483,0.0674571692943573
73,0.01,31.76227679410343,0.9356539,0.0010774730471894145
73,0.03,28.302602801137944,0.7461111,0.004370837472379208
73,0.05,25.147163046356575,0.57021946,0.012067010626196861
73,0.1,19.938009694813765,0.31679952,0.03119119256734848
73,0.15,16.790301178264688,0.19865006,0.06209412217140198
74,0.01,25.55307740553651,0.9419153,0.0007928860723040998
74,0.03,24.470062989351003,0.772136,0.0036849628668278456
74,0.05,22.859576911870036,0.5902129,0.009157196618616581
74,0.1,19.024402113241262,0.31740978,0.03827083855867386
74,0.15,16.113318568761716,0.1912762,0.05553758516907692
75,0.01,30.616263672933,0.91074497,0.0008852775790728629
75,0.03,27.76414301154194,0.6802353,0.004608837887644768
75,0.05,24.85308420783791,0.48405477,0.011995510198175907
75,0.1,19.718122403927843,0.24156713,0.040000077337026596
75,0.15,16.457157283286218,0.14377983,0.06352930516004562
76,0.01,33.45395183111913,0.9470374,0.0007612576009705663
76,0.03,29.006963690916443,0.7627878,0.004200890194624662
76,0.05,25.501036815787774,0.5979967,0.010155289433896542
76,0.1,19.968548744648785,0.35775852,0.0362817756831646
76,0.15,16.789832213953925,0.24224032,0.06247181072831154
77,0.01,26.648064009803694,0.91350794,0.0009891755180433393
77,0.03,25.298301957190436,0.6333379,0.005469256080687046
77,0.05,23.363069542358264,0.43399668,0.012896643951535225
77,0.1,19.26823757362132,0.22471493,0.04010775312781334
77,0.15,16.32452068427733,0.14400358,0.0627882331609726
78,0.01,32.70629482168293,0.9551142,0.0008542536525055766
78,0.03,28.739420562816754,0.8032848,0.005193000193685293
78,0.05,25.366838595899402,0.64348125,0.01234110165387392
78,0.1,19.897479690843927,0.37999538,0.03854067251086235
78,0.15,16.675162648758562,0.24825911,0.0714530497789383
79,0.01,31.637228436294535,0.96083236,0.0014380048960447311
79,0.03,28.388976737322015,0.8486433,0.004949193447828293
79,0.05,25.37145547132649,0.7253733,0.011287152767181396
79,0.1,20.294005836663743,0.492233,0.03307560086250305
79,0.15,17.135532525774167,0.3517444,0.05394710600376129
80,0.01,34.064646439364815,0.9374333,0.0007750080549158156
80,0.03,29.26192082463151,0.681586,0.004648118745535612
80,0.05,25.486593316622518,0.46085143,0.01283870730549097
80,0.1,19.870382635425518,0.20295264,0.03862731158733368
80,0.15,16.50737090937636,0.11181861,0.06857158243656158
81,0.01,30.242094912246916,0.934536,0.0012130034156143665
81,0.03,27.56413882705687,0.747,0.005048451945185661
81,0.05,24.748115834400895,0.566906,0.011807454749941826
81,0.1,19.81810254536604,0.31584734,0.039019837975502014
81,0.15,16.719286395479145,0.19816108,0.0673198476433754
82,0.01,25.177242026083842,0.9118252,0.000861878739669919
82,0.03,24.147618136577623,0.6952639,0.0042823017574846745
82,0.05,22.665053370966646,0.49565148,0.011511237360537052
82,0.1,18.871766542058655,0.229783,0.039500053972005844
82,0.15,15.974435129660915,0.12847537,0.06141260266304016
83,0.01,34.36581193184824,0.93892,0.0009131962433457375
83,0.03,29.33743811938745,0.7437776,0.004252513870596886
83,0.05,25.64430077974842,0.5656411,0.010991506278514862
83,0.1,20.0014357922222,0.3079143,0.03067898191511631
83,0.15,16.700922395802934,0.19019163,0.05583389848470688
84,0.01,28.54654934001165,0.9417637,0.0010540696093812585
84,0.03,26.560357274863282,0.8051515,0.004606467206031084
84,0.05,24.259098284318142,0.65001786,0.011441372334957123
84,0.1,19.61772313884941,0.37957373,0.036902960389852524
84,0.15,16.57289141606505,0.24125116,0.06728363782167435
85,0.01,28.5044449056139,0.7901543,0.0012099152663722634
85,0.03,26.58901213144292,0.6061631,0.0069678486324846745
85,0.05,24.445412207190195,0.45617768,0.013976885005831718
85,0.1,20.12663074159283,0.24893995,0.03975105285644531
85,0.15,17.175051068228065,0.15862675,0.0580696165561676
86,0.01,26.710609739245474,0.9213646,0.0007337279967032373
86,0.03,25.358459861491184,0.6859148,0.005475310608744621
86,0.05,23.446414045451842,0.47531208,0.012925868853926659
86,0.1,19.23097323115136,0.21712618,0.04038212075829506
86,0.15,16.270250870019375,0.12289534,0.06850205361843109
87,0.01,22.980212979913716,0.9001634,0.0006555088330060244
87,0.03,22.35964270543741,0.7003109,0.0032138305250555277
87,0.05,21.30039728226628,0.50504386,0.00844645220786333
87,0.1,18.28161918914005,0.24483831,0.028471851721405983
87,0.15,15.761124320089406,0.1398197,0.05090313404798508
88,0.01,24.959756591044094,0.91129655,0.0016694026999175549
88,0.03,23.98907136518071,0.7758727,0.00551003310829401
88,0.05,22.577618044119063,0.6327141,0.011830389499664307
88,0.1,19.050948746006124,0.3861148,0.03622414171695709
88,0.15,16.444301199042716,0.2540032,0.07372386753559113
89,0.01,25.795279767351907,0.91114205,0.0009325010469183326
89,0.03,24.632363294173565,0.71926767,0.0035760842729359865
89,0.05,22.979786822724257,0.536412,0.007690706290304661
89,0.1,19.11061538943695,0.27890876,0.02851547673344612
89,0.15,16.195936761073618,0.16324604,0.054584525525569916
90,0.01,32.7319393797169,0.9527788,0.00083272869233042
90,0.03,28.73142380684261,0.7771886,0.004226460587233305
90,0.05,25.333105332777166,0.59807134,0.011301788501441479
90,0.1,19.894427560319453,0.3247203,0.03534047305583954
90,0.15,16.61041694782286,0.20029767,0.06620769202709198
91,0.01,29.194304685956112,0.9262707,0.001151462085545063
91,0.03,26.958062573323552,0.6722352,0.005189269315451384
91,0.05,24.450949997175773,0.45694008,0.010524402372539043
91,0.1,19.655570092171008,0.20201659,0.03478921949863434
91,0.15,16.439051108151645,0.107904114,0.06241365522146225
92,0.01,28.687101442277346,0.9295721,0.0011227073846384883
92,0.03,26.680759748926675,0.7257238,0.004600073676556349
92,0.05,24.240956767078984,0.5526077,0.010903878137469292
92,0.1,19.50875030482033,0.31563878,0.03228886052966118
92,0.15,16.481869641920902,0.20615113,0.057976361364126205
93,0.01,33.41512002365033,0.92154175,0.0012262872187420726
93,0.03,29.057725683028277,0.6898427,0.0054784477688372135
93,0.05,25.470280214574565,0.4931263,0.011865677312016487
93,0.1,19.926717830185932,0.2502359,0.04006607085466385
93,0.15,16.70447293588641,0.15421356,0.06922168284654617
94,0.01,30.344463465529657,0.941068,0.0007308776839636266
94,0.03,27.621837752807714,0.7627266,0.00391111196950078
94,0.05,24.777550126763238,0.5893848,0.009892218746244907
94,0.1,19.790287891842457,0.33008662,0.034875717014074326
94,0.15,16.687705915127992,0.20720159,0.05462361499667168
95,0.01,18.884028760372377,0.8873585,0.0007551193120889366
95,0.03,18.64116632052732,0.72037655,0.0036928330082446337
95,0.05,18.16916379366905,0.553086,0.008254898712038994
95,0.1,16.49588832081634,0.2888676,0.030797012150287628
95,0.15,14.70288083161919,0.17072402,0.058475445955991745
96,0.01,32.145171571643935,0.9221303,0.000886523281224072
96,0.03,28.513206489835706,0.7449562,0.0037031329702585936
96,0.05,25.33329867765788,0.58638984,0.00975265447050333
96,0.1,20.164432619984577,0.35306513,0.029617061838507652
96,0.15,17.07030211081392,0.23698322,0.055452000349760056
97,0.01,29.57383641806946,0.9402111,0.001036844914779067
97,0.03,27.179952509135408,0.77981776,0.004063161555677652
97,0.05,24.582763741404086,0.6122115,0.009571549482643604
97,0.1,19.76561534131306,0.34579852,0.0339190773665905
97,0.15,16.723622673118783,0.21779434,0.05556332692503929
98,0.01,29.054233619653505,0.9262821,0.0006058658473193645
98,0.03,26.932838416425824,0.75930136,0.0027708811685442924
98,0.05,24.37811385352894,0.58228415,0.007354981731623411
98,0.1,19.562740415639443,0.3038384,0.02849653549492359
98,0.15,16.418829957700968,0.17978434,0.05042843520641327
99,0.01,20.25761286881238,0.8150695,0.003689045086503029
99,0.03,19.895816134202473,0.64444584,0.006690484005957842
99,0.05,19.29933337308707,0.4888051,0.014472410082817078
99,0.1,17.346752074232793,0.27898,0.03860858082771301
99,0.15,15.514958065803645,0.18542461,0.07237356901168823
