Model,Noise_STD,Avg_PSNR,Std_PSNR,Avg_SSIM,Std_SSIM,Avg_MSE,Std_MSE
Baseline,0.01,29.85178481465883,3.9745011994353043,0.922351998,0.03512722692636608,0.0011362135910894218,0.0005582392933497495
Baseline,0.03,26.987548317970276,2.6094559948090263,0.7247493572,0.0620101889027897,0.00468117109499867,0.0008915950671664557
Baseline,0.05,24.306953151438424,1.7646212224095739,0.5459313205,0.07881426149889754,0.011126425317488562,0.002018142061040543
Baseline,0.1,19.58231918011877,0.8647481102969158,0.2982846379,0.07165813337003671,0.03495098145678635,0.004705580220531157
Baseline,0.15,16.569313137531935,0.5486962683432514,0.18745230347000003,0.05478303455372628,0.06104738570749756,0.007133342857755845
Robust,0.01,27.23502443053288,2.9785288344616765,0.8764418122999998,0.04577080008464262,0.00035870934007102405,0.0001469739794025853
Robust,0.03,25.536963605306365,2.314072184353445,0.6985840319000002,0.06670998563921382,0.000656696919468185,0.00014648228431667879
Robust,0.05,23.48844591894898,1.7032505421591273,0.5322519606999999,0.07984990522231752,0.001351864407188212,0.0002470456666985744
Robust,0.1,19.31568363899998,0.8838665858736655,0.2948824479,0.07116657172328211,0.00545170552562917,0.0009776259924697563
Robust,0.15,16.43977310874187,0.5618403047983745,0.18587394940000002,0.05442240718146628,0.013788871085271194,0.0022641544980456048
